id,category,category_label,author,title,subtitle,price_usd,price_usd_cents,price_inr,checkout_type,gumroad_permalink,gumroad_url,whop_plan,superprofile_url,pain_point,takeaways,excerpt,preview_pdf_url,deliverable_file_path,file_size_mb
care-01,care,Care Collection • Hinglish Flagship,Sanjay Shharma,Hum Ladte Nahi Par Baat Hi Nahi Karte,Navigating Silent Emotional Disconnect in Modern Indian Marriages,$9.99,999,₹899,whop_superprofile,hum-ladte-nahi-par-baat-hi-nahi-karte,https://adorisedigital.gumroad.com/l/hum-ladte-nahi,plan_care_01,https://superprofile.bio/adorisedigital,"When fighting stops, but silence takes over. Living like roommates in the same house without emotional connection.",Why silence is more dangerous to a relationship than frequent arguments. | Breaking the 10-year communication freeze without awkward confrontation. | De-escalating emotional distance through structured micro-conversations.,"Ghar mein koi cheekhta nahi hai. Bartan nahi toot te. Par shaam ko jab dono ek hi sofe par baithte hain, toh beech mein hazaron kilometer ka sannata hota hai. Ye ladai nahi hai—ye thakan hai. Aur is thakan ko todne ke liye pehla kadam sharminda hona chhodna hai.",/previews/Care Collection Lead magnets/Hum_Ladte_Nahi_Par_Baat_Hi_Nahi_Karte_Lead_Magnet.pdf,C:\Users\HOME_PC\Downloads\Mini Books\The Care Collection\Hum_Ladte_Nahi_Par_Baat_Hi_Nahi_Karte_bundle.zip,1.92
care-02,care,Care Collection • Empathy & Aging,Sanjay Shharma,The Quiet Care,Sustaining Compassion and Emotional Boundaries Through Caregiver Fatigue,$9.99,999,₹899,whop,the-quiet-care,https://adorisedigital.gumroad.com/l/the-quiet-care,plan_care_02,https://superprofile.bio/adorisedigital,The overwhelming guilt and chronic exhaustion of caring for aging parents while holding down a career and family.,Releasing the chronic guilt of feeling tired or impatient. | How to set loving emotional boundaries without neglecting parental dignity. | Daily micro-reset routines to protect your own mental and physical health.,"Nobody prepares you for the day the roles reverse—when you become the parent to the very people who once shielded you from the world. It is an honor, but it is also heavy. Learning to breathe without guilt is not selfish; it is survival.",/previews/Care Collection Lead magnets/The_Quiet_Care_Lead_Magnet.pdf,C:\Users\HOME_PC\Downloads\Mini Books\The Care Collection\The_Quiet_Care_bundle(1).zip,8.13
care-03,care,Care Collection • Relationship Health,Sanjay Shharma,"Still Married, Just Silent",Breaking Through Decade-Long Emotional Cold Wars Without Starting a Fire,$9.99,999,₹899,whop,still-married-just-silent,https://adorisedigital.gumroad.com/l/Still_Married_Just_Silent,plan_care_03,https://superprofile.bio/adorisedigital,"Couples living functional, polite, yet completely detached lives under one roof.",The psychology of the defensive emotional turtle shell. | Re-establishing eye contact and emotional vulnerability after years of drift. | Practical exercises to rebuild shared laughter and collaborative presence.,"Politeness can be the coldest form of abandonment. When you stop asking how their day was because you already know the mechanical response, the marriage has entered emotional hibernation. Here is how to light a gentle hearth.",/previews/Care Collection Lead magnets/Still_Married_Just_Silent_Lead_Magnet.pdf,C:\Users\HOME_PC\Downloads\Mini Books\The Care Collection\Still_Married_Just_Silent_bundle(2).zip,7.98
care-04,care,Care Collection • Dementia & Memory Care,Sanjay Shharma,When They Forget Your Name,"Navigating Dementia, Cognitive Decline, and the Ambiguous Grief of Slow Loss",$9.99,999,₹899,whop,when-they-forget-your-name,https://adorisedigital.gumroad.com/l/when-they-forget-your-name,plan_care_04,https://superprofile.bio/adorisedigital,The heartbreaking pain of looking into a parent's eyes when they no longer recognize who you are.,"Entering their reality instead of correcting their fading memory. | Navigating ambiguous loss—grieving someone who is physically still here. | Preserving dignity and connection through music, touch, and sensory comfort.","The first time your mother looks at you and politely asks who you are, your chest caves in. You cannot correct them back into your timeline. You must step gently into theirs.",/previews/Care Collection Lead magnets/When_They_Forget_Your_Name_Lead_Magnet.pdf,C:\Users\HOME_PC\Downloads\Mini Books\The Care Collection\When_They_Forget_Your_Name_bundle.zip,3.75
care-05,care,Care Collection • Bereavement & Healing,Sanjay Shharma,The Long Goodbye,Finding Grounded Strength When Terminal Illness Redefines Every Tomorrow,$9.99,999,₹899,whop,the-long-goodbye,https://adorisedigital.gumroad.com/l/the-long-goodbye,plan_care_05,https://superprofile.bio/adorisedigital,"Living in anticipatory grief while managing doctor visits, hospice care, and emotional collapse.",Navigating anticipatory grief without shutting down emotionally. | Having the unsaid conversations with courage and gentle presence. | Honoring every remaining ordinary moment without anxiety hijacking the room.,"Anticipatory grief is like mourning under a ticking clock. The secret is not pretending the clock does not exist, but filling each second with pure, uncomplicated presence.",/previews/Care Collection Lead magnets/The_Long_Goodbye_Lead_Magnet.pdf,C:\Users\HOME_PC\Downloads\Mini Books\The Care Collection\The_Long_Goodbye_bundle.zip,3.77
care-06,care,Care Collection • Reconnection,Sanjay Shharma,The Long Hello,"Rekindling Intimacy, Curiosity, and Shared Horizons After Life Calms Down",$9.99,999,₹899,whop,the-long-hello,https://adorisedigital.gumroad.com/l/the-long-hello,plan_care_06,https://superprofile.bio/adorisedigital,When children leave or careers stabilize and you look at your spouse wondering who they became.,"Rediscovering who your partner is today rather than who they were at 25. | Building new rituals of play, travel, and quiet shared discovery. | Transforming empty-nest silence into mutual artistic and emotional renaissance.","After thirty years of carpools, mortgages, and deadlines, the silence can be frightening. But that silence is not a void; it is a clean canvas waiting for a second introduction.",/previews/Care Collection Lead magnets/The_Long_Hello_Lead_Magnet.pdf,C:\Users\HOME_PC\Downloads\Mini Books\The Care Collection\The_Long_Hello_bundle.zip,14.58
care-07,care,Care Collection • Life Transitions,Sanjay Shharma,The Second Chapter,"Rebuilding Identity, Purpose, and Daily Joy After a Massive Life Disruption",$9.99,999,₹899,whop,the-second-chapter,https://adorisedigital.gumroad.com/l/The_Second_Chapter,plan_care_07,https://superprofile.bio/adorisedigital,"Starting over after divorce, career elimination, or sudden bereavement in your 40s, 50s, or 60s.","Untangling your self-worth from a role or relationship that ended. | Designing an autonomous personal operating system for daily peace. | Cultivating new community, physical energy, and joyful self-sufficiency.","When your world collapses, you realize your previous life was a stage play where you knew all your lines. Writing the next script is terrifying—until you realize you hold the pen.",/previews/Care Collection Lead magnets/The_Second_Chapter_Lead_Magnet.pdf,C:\Users\HOME_PC\Downloads\Mini Books\The Care Collection\The_Second_Chapter_bundle(2).zip,8.30
care-08,care,Care Collection • Midlife Love,Sanjay Shharma,The Second Honeymoon,"Reclaiming Romance, Vulnerability, and Deep Play in the Empty-Nest Era",$9.99,999,₹899,whop,the-second-honeymoon,https://adorisedigital.gumroad.com/l/the-second-honeymoon,plan_care_08,https://superprofile.bio/adorisedigital,Midlife couples who want romance back but feel clumsy or emotionally rusty.,Overcoming body insecurity and emotional hesitance after 50. | Planning micro-adventures that break the routine of domestic autopilot. | Deepening physical and emotional intimacy without pressure or performance.,"Romance in midlife is sweeter than in youth because it is shorn of pretension. It is two survivors looking across the table, choosing each other once again.",/previews/Care Collection Lead magnets/The_Second_Honeymoon_Lead_Magnet.pdf,C:\Users\HOME_PC\Downloads\Mini Books\The Care Collection\The_Second_Honeymoon_bundle.zip,14.94
care-09,care,Care Collection • Family Dynamics,Sanjay Shharma,The Last Sandwich,Surviving the Double Pressure of Raising Teens While Nursing Aging Parents,$9.99,999,₹899,whop,the-last-sandwich,https://adorisedigital.gumroad.com/l/the-last-sandwich,plan_care_09,https://superprofile.bio/adorisedigital,"The crushing stress of being pulled between rebellious children and ailing, dependent parents.",How to stop being the emotional punching bag for two opposing generations. | Delegation frameworks that protect your marriage and financial sanity. | Recognizing when sacrifice turns into toxic self-destruction.,"You are caught between college tuition and hospital bills, hormonal teenage mood swings and geriatric stubbornness. You cannot carry the world without breaking your back.",/previews/Care Collection Lead magnets/The_Last_Sandwich_Lead_Magnet.pdf,C:\Users\HOME_PC\Downloads\Mini Books\The Care Collection\The_Last_Sandwich_bundle.zip,3.45
care-10,care,Care Collection • Social Circles,Sanjay Shharma,The Friends Who Fade,Making Peace With Drifting Friendships and Building Intentional Adult Tribes,$9.99,999,₹899,whop,the-friends-who-fade,https://adorisedigital.gumroad.com/l/the-friends-who-fade,plan_care_10,https://superprofile.bio/adorisedigital,The quiet ache of realizing college or old childhood friends have vanished from your life.,"Distinguishing between seasonal friendships and lifelong anchors. | Releasing resentment toward friends who stopped calling after your crisis. | How adults in their 40s and 50s build deep, loyal, intellectual circles.","Not all friendships are meant to reach the finish line. Some people were companions for a chapter, not the whole book. Letting them go with gratitude is the highest form of maturity.",/previews/Care Collection Lead magnets/The_Friends_Who_Fade_Lead_Magnet.pdf,C:\Users\HOME_PC\Downloads\Mini Books\The Care Collection\The_Friends_Who_Fade_bundle.zip,4.22
care-11,care,Care Collection • Resilience & Hope,Sanjay Shharma,The Survivor,A Compassionate Protocol for Chronic Medical Battles and Emotional Exhaustion,$9.99,999,₹899,whop,the-survivor,https://adorisedigital.gumroad.com/l/the-survivor,plan_care_11,https://superprofile.bio/adorisedigital,Living through a protracted medical diagnosis or nursing a spouse through chronic illness.,"Managing medical PTSD and scanxiety before test results. | Communicating with doctors without feeling intimidated or dismissed. | Maintaining your humanity when life feels reduced to pills, charts, and hospitals.","Surviving a long illness is not about heroic bravado; it is about enduring the mundane, sterile afternoons when all you want is one day where you feel normal again.",/previews/Care Collection Lead magnets/The_Survivor_Lead_Magnet.pdf,C:\Users\HOME_PC\Downloads\Mini Books\The Care Collection\The_Survivor_bundle.zip,13.21
care-12,care,Care Collection • Midlife Autonomy,Sanjay Shharma,Gray Divorce,"Navigating Separation After 50 With Dignity, Financial Clarity, and Self-Worth",$9.99,999,₹899,whop,gray-divorce,https://adorisedigital.gumroad.com/l/gray-divorce,plan_care_12,https://superprofile.bio/adorisedigital,"The complex financial, social, and emotional shock of separating after 20+ years of marriage.","Protecting retirement security, property rights, and financial independence. | Communicating with adult children who feel caught in the middle. | Overcoming the societal stigma of choosing peace over miserable longevity.","Ending a thirty-year marriage is not a failure; remaining in a dead, suffocating union until you wither away is. It takes immense bravery to choose life at 55.",/previews/Care Collection Lead magnets/Gray_Divorce_Lead_Magnet.pdf,C:\Users\HOME_PC\Downloads\Mini Books\The Care Collection\Gray_Divorce_bundle.zip,3.57
care-13,care,Care Collection • Late Life Love,Sanjay Shharma,Remarried at 60,"Blending Adult Families, Protecting Assets, and Opening Your Heart in the Sunset Years",$9.99,999,₹899,whop,remarried-at-60,https://adorisedigital.gumroad.com/l/remarried-at-60,plan_care_13,https://superprofile.bio/adorisedigital,Finding companionship in your 60s while navigating skeptical adult children and inheritance boundaries.,Structuring transparent estate plans so money never poisons love. | Managing expectations around step-grandchildren and legacy traditions. | Embracing gentle companionship without demanding someone replace your past.,Love at sixty is not about creating a future together; it is about savoring the present. It is the peace of sharing tea with someone who appreciates the journey you both survived.,/previews/Care Collection Lead magnets/Remarried_at_60_Lead_Magnet.pdf,C:\Users\HOME_PC\Downloads\Mini Books\The Care Collection\Remarried_at_60_bundle.zip,3.48
care-14,care,Care Collection • Sudden Loss,Sanjay Shharma,After the Last Goodbye,The Practical and Emotional Roadmap for the First 365 Days of Bereavement,$9.99,999,₹899,whop,after-the-last-goodbye,https://adorisedigital.gumroad.com/l/after-the-last-goodbye,plan_care_14,https://superprofile.bio/adorisedigital,The disorientation and paralysis that strikes after the funeral ends and everyone goes home.,"The week-by-week bureaucratic and legal checklist for surviving executors. | How to handle the first holidays, birthdays, and anniversaries alone. | Learning to laugh again without feeling like you are betraying their memory.",Grief does not come in stages; it comes in waves that knock the wind out of you in the grocery store aisle over a jar of peanut butter they loved. Breathe. The wave will pass.,/previews/Care Collection Lead magnets/After_the_Last_Goodbye_Lead_Magnet.pdf,C:\Users\HOME_PC\Downloads\Mini Books\The Care Collection\After_the_Last_Goodbye_bundle.zip,3.40
in-cibil-99,indian,Indian Wealth • CIBIL Repair,Sanjay Shharma,CIBIL Repair — Book 1: 7-Step Audit & Checklist,Tier 1 • Quick-Action Audit • Identify hidden mistakes and instant red flags before taking action.,$12,1200,₹99,superprofile,cibil-repair-book-1-7-step-audit-checklist,https://adorisedigital.gumroad.com/l/cibil-repair-book-1-7-step-audit-checklist,plan_in_cibil_99,https://superprofile.bio/adorisedigital,"Fix credit report errors, eliminate written-off tags, and restore a verified 750+ score.",Actionable framework for cibil repair at the tier 1 • quick-action audit level. | Direct copy-paste checklists and templates designed for the Indian banking & regulatory system. | Immediate digital download with life-time reference access.,"In the Indian financial ecosystem, knowing the official circulars and automated rules separates those who get rejected from those who walk away with approved sanctions.",,C:\Users\HOME_PC\Downloads\Mini Books\CIBIL Repair Blueprint\CIBIL_7_Error_Audit-7.pdf,0.91
in-cibil-299,indian,Indian Wealth • CIBIL Repair,Sanjay Shharma,CIBIL Repair — Book 2: Tactical Implementation Manual,"Tier 2 • Core Blueprint • Complete step-by-step frameworks, calculations, and strategic protocols.",$24,2400,₹299,superprofile,cibil-repair-book-2-tactical-implementation-manual,https://adorisedigital.gumroad.com/l/cibil-repair-book-2-tactical-implementation-manual,plan_in_cibil_299,https://superprofile.bio/adorisedigital,"Fix credit report errors, eliminate written-off tags, and restore a verified 750+ score.",Actionable framework for cibil repair at the tier 2 • core blueprint level. | Direct copy-paste checklists and templates designed for the Indian banking & regulatory system. | Immediate digital download with life-time reference access.,"In the Indian financial ecosystem, knowing the official circulars and automated rules separates those who get rejected from those who walk away with approved sanctions.",,C:\Users\HOME_PC\Downloads\Mini Books\CIBIL Repair Blueprint\CIBIL_750_Score_Formula-3.pdf,0.41
in-cibil-799,indian,Indian Wealth • CIBIL Repair,Sanjay Shharma,CIBIL Repair — Book 3: Legal Templates & Dispute Drafts,"Tier 3 • Masterclass Toolkit • Full battle-tested bank letters, legal notices, and compliance workflows.",$39,3900,₹799,superprofile,cibil-repair-book-3-legal-templates-dispute-drafts,https://adorisedigital.gumroad.com/l/cibil-repair-book-3-legal-templates-dispute-drafts,plan_in_cibil_799,https://superprofile.bio/adorisedigital,"Fix credit report errors, eliminate written-off tags, and restore a verified 750+ score.",Actionable framework for cibil repair at the tier 3 • masterclass toolkit level. | Direct copy-paste checklists and templates designed for the Indian banking & regulatory system. | Immediate digital download with life-time reference access.,"In the Indian financial ecosystem, knowing the official circulars and automated rules separates those who get rejected from those who walk away with approved sanctions.",,C:\Users\HOME_PC\Downloads\Mini Books\CIBIL Repair Blueprint\CIBIL_Complete_Repair_System-4.pdf,0.19
in-home-loan-99,indian,Indian Wealth • Home Loan Approval,Sanjay Shharma,Home Loan Approval — Book 1: 7-Step Audit & Checklist,Tier 1 • Quick-Action Audit • Identify hidden mistakes and instant red flags before taking action.,$12,1200,₹99,superprofile,home-loan-approval-book-1-7-step-audit-checklist,https://adorisedigital.gumroad.com/l/home-loan-approval-book-1-7-step-audit-checklist,plan_in_home_loan_99,https://superprofile.bio/adorisedigital,"Maximize borrowing power, lower interest rates, and accelerate bank sanctions.",Actionable framework for home loan approval at the tier 1 • quick-action audit level. | Direct copy-paste checklists and templates designed for the Indian banking & regulatory system. | Immediate digital download with life-time reference access.,"In the Indian financial ecosystem, knowing the official circulars and automated rules separates those who get rejected from those who walk away with approved sanctions.",,C:\Users\HOME_PC\Downloads\Mini Books\Home Loan Approval Blueprint\Home_Loan_Eligibility_Blueprint-3.pdf,0.17
in-home-loan-299,indian,Indian Wealth • Home Loan Approval,Sanjay Shharma,Home Loan Approval — Book 2: Tactical Implementation Manual,"Tier 2 • Core Blueprint • Complete step-by-step frameworks, calculations, and strategic protocols.",$24,2400,₹299,superprofile,home-loan-approval-book-2-tactical-implementation-manual,https://adorisedigital.gumroad.com/l/home-loan-approval-book-2-tactical-implementation-manual,plan_in_home_loan_299,https://superprofile.bio/adorisedigital,"Maximize borrowing power, lower interest rates, and accelerate bank sanctions.",Actionable framework for home loan approval at the tier 2 • core blueprint level. | Direct copy-paste checklists and templates designed for the Indian banking & regulatory system. | Immediate digital download with life-time reference access.,"In the Indian financial ecosystem, knowing the official circulars and automated rules separates those who get rejected from those who walk away with approved sanctions.",,C:\Users\HOME_PC\Downloads\Mini Books\Home Loan Approval Blueprint\Home_Loan_Approval_Toolkit.pdf,0.54
in-home-loan-799,indian,Indian Wealth • Home Loan Approval,Sanjay Shharma,Home Loan Approval — Book 3: Legal Templates & Dispute Drafts,"Tier 3 • Masterclass Toolkit • Full battle-tested bank letters, legal notices, and compliance workflows.",$39,3900,₹799,superprofile,home-loan-approval-book-3-legal-templates-dispute-drafts,https://adorisedigital.gumroad.com/l/home-loan-approval-book-3-legal-templates-dispute-drafts,plan_in_home_loan_799,https://superprofile.bio/adorisedigital,"Maximize borrowing power, lower interest rates, and accelerate bank sanctions.",Actionable framework for home loan approval at the tier 3 • masterclass toolkit level. | Direct copy-paste checklists and templates designed for the Indian banking & regulatory system. | Immediate digital download with life-time reference access.,"In the Indian financial ecosystem, knowing the official circulars and automated rules separates those who get rejected from those who walk away with approved sanctions.",,C:\Users\HOME_PC\Downloads\Mini Books\Home Loan Approval Blueprint\Home_Loan_Complete_System.pdf,0.18
in-business-loan-99,indian,Indian Wealth • Business Loan Approval,Sanjay Shharma,Business Loan Approval — Book 1: 7-Step Audit & Checklist,Tier 1 • Quick-Action Audit • Identify hidden mistakes and instant red flags before taking action.,$12,1200,₹99,superprofile,business-loan-approval-book-1-7-step-audit-checklist,https://adorisedigital.gumroad.com/l/business-loan-approval-book-1-7-step-audit-checklist,plan_in_business_loan_99,https://superprofile.bio/adorisedigital,Secure collateral-free MSME financing and optimize debt service ratios.,Actionable framework for business loan approval at the tier 1 • quick-action audit level. | Direct copy-paste checklists and templates designed for the Indian banking & regulatory system. | Immediate digital download with life-time reference access.,"In the Indian financial ecosystem, knowing the official circulars and automated rules separates those who get rejected from those who walk away with approved sanctions.",,C:\Users\HOME_PC\Downloads\Mini Books\Business Loan Approval Blueprint\Business_Loan_5_Rejection_Reasons.pdf,0.16
in-business-loan-299,indian,Indian Wealth • Business Loan Approval,Sanjay Shharma,Business Loan Approval — Book 2: Tactical Implementation Manual,"Tier 2 • Core Blueprint • Complete step-by-step frameworks, calculations, and strategic protocols.",$24,2400,₹299,superprofile,business-loan-approval-book-2-tactical-implementation-manual,https://adorisedigital.gumroad.com/l/business-loan-approval-book-2-tactical-implementation-manual,plan_in_business_loan_299,https://superprofile.bio/adorisedigital,Secure collateral-free MSME financing and optimize debt service ratios.,Actionable framework for business loan approval at the tier 2 • core blueprint level. | Direct copy-paste checklists and templates designed for the Indian banking & regulatory system. | Immediate digital download with life-time reference access.,"In the Indian financial ecosystem, knowing the official circulars and automated rules separates those who get rejected from those who walk away with approved sanctions.",,C:\Users\HOME_PC\Downloads\Mini Books\Business Loan Approval Blueprint\Business_Loan_Udyam_DSCR.pdf,0.11
in-business-loan-799,indian,Indian Wealth • Business Loan Approval,Sanjay Shharma,Business Loan Approval — Book 3: Legal Templates & Dispute Drafts,"Tier 3 • Masterclass Toolkit • Full battle-tested bank letters, legal notices, and compliance workflows.",$39,3900,₹799,superprofile,business-loan-approval-book-3-legal-templates-dispute-drafts,https://adorisedigital.gumroad.com/l/business-loan-approval-book-3-legal-templates-dispute-drafts,plan_in_business_loan_799,https://superprofile.bio/adorisedigital,Secure collateral-free MSME financing and optimize debt service ratios.,Actionable framework for business loan approval at the tier 3 • masterclass toolkit level. | Direct copy-paste checklists and templates designed for the Indian banking & regulatory system. | Immediate digital download with life-time reference access.,"In the Indian financial ecosystem, knowing the official circulars and automated rules separates those who get rejected from those who walk away with approved sanctions.",,C:\Users\HOME_PC\Downloads\Mini Books\Business Loan Approval Blueprint\Business_Loan_Complete_System.pdf,0.19
in-credit-card-99,indian,Indian Wealth • Credit Card Hacks,Sanjay Shharma,Credit Card Hacks — Book 1: 7-Step Audit & Checklist,Tier 1 • Quick-Action Audit • Identify hidden mistakes and instant red flags before taking action.,$12,1200,₹99,superprofile,credit-card-hacks-book-1-7-step-audit-checklist,https://adorisedigital.gumroad.com/l/credit-card-hacks-book-1-7-step-audit-checklist,plan_in_credit_card_99,https://superprofile.bio/adorisedigital,"Eliminate high APR, execute 0% balance transfers, and multiply rewards.",Actionable framework for credit card hacks at the tier 1 • quick-action audit level. | Direct copy-paste checklists and templates designed for the Indian banking & regulatory system. | Immediate digital download with life-time reference access.,"In the Indian financial ecosystem, knowing the official circulars and automated rules separates those who get rejected from those who walk away with approved sanctions.",,C:\Users\HOME_PC\Downloads\Mini Books\Credit Card Hacks Blueprint\Credit_Card_30_3_1_7_Types-1.pdf,0.17
in-credit-card-299,indian,Indian Wealth • Credit Card Hacks,Sanjay Shharma,Credit Card Hacks — Book 2: Tactical Implementation Manual,"Tier 2 • Core Blueprint • Complete step-by-step frameworks, calculations, and strategic protocols.",$24,2400,₹299,superprofile,credit-card-hacks-book-2-tactical-implementation-manual,https://adorisedigital.gumroad.com/l/credit-card-hacks-book-2-tactical-implementation-manual,plan_in_credit_card_299,https://superprofile.bio/adorisedigital,"Eliminate high APR, execute 0% balance transfers, and multiply rewards.",Actionable framework for credit card hacks at the tier 2 • core blueprint level. | Direct copy-paste checklists and templates designed for the Indian banking & regulatory system. | Immediate digital download with life-time reference access.,"In the Indian financial ecosystem, knowing the official circulars and automated rules separates those who get rejected from those who walk away with approved sanctions.",,C:\Users\HOME_PC\Downloads\Mini Books\Credit Card Hacks Blueprint\Credit_Card_Reward_Stacking-1.pdf,0.11
in-credit-card-799,indian,Indian Wealth • Credit Card Hacks,Sanjay Shharma,Credit Card Hacks — Book 3: Legal Templates & Dispute Drafts,"Tier 3 • Masterclass Toolkit • Full battle-tested bank letters, legal notices, and compliance workflows.",$39,3900,₹799,superprofile,credit-card-hacks-book-3-legal-templates-dispute-drafts,https://adorisedigital.gumroad.com/l/credit-card-hacks-book-3-legal-templates-dispute-drafts,plan_in_credit_card_799,https://superprofile.bio/adorisedigital,"Eliminate high APR, execute 0% balance transfers, and multiply rewards.",Actionable framework for credit card hacks at the tier 3 • masterclass toolkit level. | Direct copy-paste checklists and templates designed for the Indian banking & regulatory system. | Immediate digital download with life-time reference access.,"In the Indian financial ecosystem, knowing the official circulars and automated rules separates those who get rejected from those who walk away with approved sanctions.",,C:\Users\HOME_PC\Downloads\Mini Books\Credit Card Hacks Blueprint\Credit_Card_Complete_System.pdf,0.18
in-debt-settlement-99,indian,Indian Wealth • Debt Settlement,Sanjay Shharma,Debt Settlement — Book 1: 7-Step Audit & Checklist,Tier 1 • Quick-Action Audit • Identify hidden mistakes and instant red flags before taking action.,$12,1200,₹99,superprofile,debt-settlement-book-1-7-step-audit-checklist,https://adorisedigital.gumroad.com/l/debt-settlement-book-1-7-step-audit-checklist,plan_in_debt_settlement_99,https://superprofile.bio/adorisedigital,"Invoke RBI borrower rights, stop recovery harassment, and negotiate OTS.",Actionable framework for debt settlement at the tier 1 • quick-action audit level. | Direct copy-paste checklists and templates designed for the Indian banking & regulatory system. | Immediate digital download with life-time reference access.,"In the Indian financial ecosystem, knowing the official circulars and automated rules separates those who get rejected from those who walk away with approved sanctions.",,C:\Users\HOME_PC\Downloads\Mini Books\Debt Settlement Blueprint\Debt_Settlement_Decision_Tree.pdf,0.16
in-debt-settlement-299,indian,Indian Wealth • Debt Settlement,Sanjay Shharma,Debt Settlement — Book 2: Tactical Implementation Manual,"Tier 2 • Core Blueprint • Complete step-by-step frameworks, calculations, and strategic protocols.",$24,2400,₹299,superprofile,debt-settlement-book-2-tactical-implementation-manual,https://adorisedigital.gumroad.com/l/debt-settlement-book-2-tactical-implementation-manual,plan_in_debt_settlement_299,https://superprofile.bio/adorisedigital,"Invoke RBI borrower rights, stop recovery harassment, and negotiate OTS.",Actionable framework for debt settlement at the tier 2 • core blueprint level. | Direct copy-paste checklists and templates designed for the Indian banking & regulatory system. | Immediate digital download with life-time reference access.,"In the Indian financial ecosystem, knowing the official circulars and automated rules separates those who get rejected from those who walk away with approved sanctions.",,C:\Users\HOME_PC\Downloads\Mini Books\Debt Settlement Blueprint\Debt_Settlement_7_Step_Scripts.pdf,0.11
in-debt-settlement-799,indian,Indian Wealth • Debt Settlement,Sanjay Shharma,Debt Settlement — Book 3: Legal Templates & Dispute Drafts,"Tier 3 • Masterclass Toolkit • Full battle-tested bank letters, legal notices, and compliance workflows.",$39,3900,₹799,superprofile,debt-settlement-book-3-legal-templates-dispute-drafts,https://adorisedigital.gumroad.com/l/debt-settlement-book-3-legal-templates-dispute-drafts,plan_in_debt_settlement_799,https://superprofile.bio/adorisedigital,"Invoke RBI borrower rights, stop recovery harassment, and negotiate OTS.",Actionable framework for debt settlement at the tier 3 • masterclass toolkit level. | Direct copy-paste checklists and templates designed for the Indian banking & regulatory system. | Immediate digital download with life-time reference access.,"In the Indian financial ecosystem, knowing the official circulars and automated rules separates those who get rejected from those who walk away with approved sanctions.",,C:\Users\HOME_PC\Downloads\Mini Books\Debt Settlement Blueprint\Debt_Settlement_Complete_System.pdf,0.18
in-remote-jobs-99,indian,Indian Wealth • Get Hired Remote: 30-Day,Sanjay Shharma,Get Hired Remote: 30-Day — Book 1: 7-Step Audit & Checklist,Tier 1 • Quick-Action Audit • Identify hidden mistakes and instant red flags before taking action.,$12,1200,₹99,superprofile,get-hired-remote-30-day-book-1-7-step-audit-checklist,https://adorisedigital.gumroad.com/l/get-hired-remote-30-day-book-1-7-step-audit-checklist,plan_in_remote_jobs_99,https://superprofile.bio/adorisedigital,Land high-paying US/EU remote contracts earning in USD from India.,Actionable framework for get hired remote: 30-day at the tier 1 • quick-action audit level. | Direct copy-paste checklists and templates designed for the Indian banking & regulatory system. | Immediate digital download with life-time reference access.,"In the Indian financial ecosystem, knowing the official circulars and automated rules separates those who get rejected from those who walk away with approved sanctions.",,C:\Users\HOME_PC\Downloads\Mini Books\Get Hired Remote 30-Day Blueprint\Hired_Remote_Resume_LinkedIn.pdf,0.10
in-remote-jobs-299,indian,Indian Wealth • Get Hired Remote: 30-Day,Sanjay Shharma,Get Hired Remote: 30-Day — Book 2: Tactical Implementation Manual,"Tier 2 • Core Blueprint • Complete step-by-step frameworks, calculations, and strategic protocols.",$24,2400,₹299,superprofile,get-hired-remote-30-day-book-2-tactical-implementation-manual,https://adorisedigital.gumroad.com/l/get-hired-remote-30-day-book-2-tactical-implementation-manual,plan_in_remote_jobs_299,https://superprofile.bio/adorisedigital,Land high-paying US/EU remote contracts earning in USD from India.,Actionable framework for get hired remote: 30-day at the tier 2 • core blueprint level. | Direct copy-paste checklists and templates designed for the Indian banking & regulatory system. | Immediate digital download with life-time reference access.,"In the Indian financial ecosystem, knowing the official circulars and automated rules separates those who get rejected from those who walk away with approved sanctions.",,C:\Users\HOME_PC\Downloads\Mini Books\Get Hired Remote 30-Day Blueprint\Hired_Remote_30_Day_Plan.pdf,0.21
in-remote-jobs-799,indian,Indian Wealth • Get Hired Remote: 30-Day,Sanjay Shharma,Get Hired Remote: 30-Day — Book 3: Legal Templates & Dispute Drafts,"Tier 3 • Masterclass Toolkit • Full battle-tested bank letters, legal notices, and compliance workflows.",$39,3900,₹799,superprofile,get-hired-remote-30-day-book-3-legal-templates-dispute-drafts,https://adorisedigital.gumroad.com/l/get-hired-remote-30-day-book-3-legal-templates-dispute-drafts,plan_in_remote_jobs_799,https://superprofile.bio/adorisedigital,Land high-paying US/EU remote contracts earning in USD from India.,Actionable framework for get hired remote: 30-day at the tier 3 • masterclass toolkit level. | Direct copy-paste checklists and templates designed for the Indian banking & regulatory system. | Immediate digital download with life-time reference access.,"In the Indian financial ecosystem, knowing the official circulars and automated rules separates those who get rejected from those who walk away with approved sanctions.",,C:\Users\HOME_PC\Downloads\Mini Books\Get Hired Remote 30-Day Blueprint\Hired_Remote_Complete_System.pdf,0.19
in-gst-filing-99,indian,Indian Wealth • GST Filing Mastery (NEW),Sanjay Shharma,GST Filing Mastery (NEW) — Book 1: 7-Step Audit & Checklist,Tier 1 • Quick-Action Audit • Identify hidden mistakes and instant red flags before taking action.,$12,1200,₹99,superprofile,gst-filing-mastery-new-book-1-7-step-audit-checklist,https://adorisedigital.gumroad.com/l/gst-filing-mastery-new-book-1-7-step-audit-checklist,plan_in_gst_filing_99,https://superprofile.bio/adorisedigital,"Error-free monthly returns, ITC 2B matching, and notice defense.",Actionable framework for gst filing mastery (new) at the tier 1 • quick-action audit level. | Direct copy-paste checklists and templates designed for the Indian banking & regulatory system. | Immediate digital download with life-time reference access.,"In the Indian financial ecosystem, knowing the official circulars and automated rules separates those who get rejected from those who walk away with approved sanctions.",,C:\Users\HOME_PC\Downloads\Mini Books\GST Filing Mastery (NEW)\GST_Return_Calendar_Reconciliation.pdf,0.11
in-gst-filing-299,indian,Indian Wealth • GST Filing Mastery (NEW),Sanjay Shharma,GST Filing Mastery (NEW) — Book 2: Tactical Implementation Manual,"Tier 2 • Core Blueprint • Complete step-by-step frameworks, calculations, and strategic protocols.",$24,2400,₹299,superprofile,gst-filing-mastery-new-book-2-tactical-implementation-manual,https://adorisedigital.gumroad.com/l/gst-filing-mastery-new-book-2-tactical-implementation-manual,plan_in_gst_filing_299,https://superprofile.bio/adorisedigital,"Error-free monthly returns, ITC 2B matching, and notice defense.",Actionable framework for gst filing mastery (new) at the tier 2 • core blueprint level. | Direct copy-paste checklists and templates designed for the Indian banking & regulatory system. | Immediate digital download with life-time reference access.,"In the Indian financial ecosystem, knowing the official circulars and automated rules separates those who get rejected from those who walk away with approved sanctions.",,C:\Users\HOME_PC\Downloads\Mini Books\GST Filing Mastery (NEW)\GST_GSTR1_3B_ITC_Guide.pdf,0.16
in-gst-filing-799,indian,Indian Wealth • GST Filing Mastery (NEW),Sanjay Shharma,GST Filing Mastery (NEW) — Book 3: Legal Templates & Dispute Drafts,"Tier 3 • Masterclass Toolkit • Full battle-tested bank letters, legal notices, and compliance workflows.",$39,3900,₹799,superprofile,gst-filing-mastery-new-book-3-legal-templates-dispute-drafts,https://adorisedigital.gumroad.com/l/gst-filing-mastery-new-book-3-legal-templates-dispute-drafts,plan_in_gst_filing_799,https://superprofile.bio/adorisedigital,"Error-free monthly returns, ITC 2B matching, and notice defense.",Actionable framework for gst filing mastery (new) at the tier 3 • masterclass toolkit level. | Direct copy-paste checklists and templates designed for the Indian banking & regulatory system. | Immediate digital download with life-time reference access.,"In the Indian financial ecosystem, knowing the official circulars and automated rules separates those who get rejected from those who walk away with approved sanctions.",,C:\Users\HOME_PC\Downloads\Mini Books\GST Filing Mastery (NEW)\GST_Filing_Complete_System.pdf,0.19
in-gst-refund-99,indian,Indian Wealth • GST Refund Bible (NEW),Sanjay Shharma,GST Refund Bible (NEW) — Book 1: 7-Step Audit & Checklist,Tier 1 • Quick-Action Audit • Identify hidden mistakes and instant red flags before taking action.,$12,1200,₹99,superprofile,gst-refund-bible-new-book-1-7-step-audit-checklist,https://adorisedigital.gumroad.com/l/gst-refund-bible-new-book-1-7-step-audit-checklist,plan_in_gst_refund_99,https://superprofile.bio/adorisedigital,Fast-track stuck export refunds and inverted duty structure cash recovery.,Actionable framework for gst refund bible (new) at the tier 1 • quick-action audit level. | Direct copy-paste checklists and templates designed for the Indian banking & regulatory system. | Immediate digital download with life-time reference access.,"In the Indian financial ecosystem, knowing the official circulars and automated rules separates those who get rejected from those who walk away with approved sanctions.",,C:\Users\HOME_PC\Downloads\Mini Books\GST Refund Bible (NEW)\GST_Inverted_Duty_LUT_Guide.pdf,0.12
in-gst-refund-299,indian,Indian Wealth • GST Refund Bible (NEW),Sanjay Shharma,GST Refund Bible (NEW) — Book 2: Tactical Implementation Manual,"Tier 2 • Core Blueprint • Complete step-by-step frameworks, calculations, and strategic protocols.",$24,2400,₹299,superprofile,gst-refund-bible-new-book-2-tactical-implementation-manual,https://adorisedigital.gumroad.com/l/gst-refund-bible-new-book-2-tactical-implementation-manual,plan_in_gst_refund_299,https://superprofile.bio/adorisedigital,Fast-track stuck export refunds and inverted duty structure cash recovery.,Actionable framework for gst refund bible (new) at the tier 2 • core blueprint level. | Direct copy-paste checklists and templates designed for the Indian banking & regulatory system. | Immediate digital download with life-time reference access.,"In the Indian financial ecosystem, knowing the official circulars and automated rules separates those who get rejected from those who walk away with approved sanctions.",,C:\Users\HOME_PC\Downloads\Mini Books\GST Refund Bible (NEW)\GST_RFD01_Export_Refund_Guide.pdf,0.16
in-gst-refund-799,indian,Indian Wealth • GST Refund Bible (NEW),Sanjay Shharma,GST Refund Bible (NEW) — Book 3: Legal Templates & Dispute Drafts,"Tier 3 • Masterclass Toolkit • Full battle-tested bank letters, legal notices, and compliance workflows.",$39,3900,₹799,superprofile,gst-refund-bible-new-book-3-legal-templates-dispute-drafts,https://adorisedigital.gumroad.com/l/gst-refund-bible-new-book-3-legal-templates-dispute-drafts,plan_in_gst_refund_799,https://superprofile.bio/adorisedigital,Fast-track stuck export refunds and inverted duty structure cash recovery.,Actionable framework for gst refund bible (new) at the tier 3 • masterclass toolkit level. | Direct copy-paste checklists and templates designed for the Indian banking & regulatory system. | Immediate digital download with life-time reference access.,"In the Indian financial ecosystem, knowing the official circulars and automated rules separates those who get rejected from those who walk away with approved sanctions.",,C:\Users\HOME_PC\Downloads\Mini Books\GST Refund Bible (NEW)\GST_Refund_Complete_System.pdf,0.19
ai-01,ai,AI Wealth • Autonomous Agency,Sanjay Shharma,The AI Agent Blueprint,"Building, Deploying, and Monetizing Autonomous Software Fleets for Businesses",$19.99,1998,"₹1,899",whop,the-ai-agent-blueprint,https://adorisedigital.gumroad.com/l/the-ai-agent-blueprint,plan_ai_01,https://superprofile.bio/adorisedigital,Entrepreneurs stuck working 16 hours a day doing repetitive operational tasks an autonomous agent could solve.,"Architecting autonomous reasoning agents using open-source frameworks. | Integrating CRM, email, and database hooks into self-healing workflows. | Packaging AI agents as $2,000/month recurring B2B retainer services.","In 2026, employee headcount is a liability; autonomous agent fleets are your real equity. Here is how to architect software that operates your business while you sleep.",,C:\Users\HOME_PC\Downloads\Mini Books\The AI Agent Series\The_AI_Agent_Blueprint_Bundle.zip,2.19
ai-02,ai,AI Wealth • Agency Scaling,Sanjay Shharma,The AI Agency Playbook,"From Zero to $50,000/Month Offering Turnkey AI Automation to Local Businesses",$19.99,1998,"₹1,899",whop,the-ai-agency-playbook,https://adorisedigital.gumroad.com/l/the-ai-agency-playbook,plan_ai_02,https://superprofile.bio/adorisedigital,Agencies competing in red-ocean web design or social media management for razor-thin margins.,"The 5 highest-margin AI automation offers SMBs will pay $5,000 for immediately. | Cold client acquisition scripts that bypass gatekeepers directly to owners. | Fulfillment SOPs to deliver turnkey systems in under 7 days with zero code.",Stop selling Facebook ads. Sell doctors and contractors a system that captures 40 missed calls a month and turns them into booked revenue. It is an offer they cannot refuse.,,C:\Users\HOME_PC\Downloads\Mini Books\The AI Agent Series\The_AI_Agency_Playbook_Bundle\The_AI_Agency_Playbook_Bundle.zip,1.77
ai-03,ai,AI Wealth • Content Engines,Sanjay Shharma,The AI Content Agent,"Autonomous Video, Social Scheduling, and Programmatic SEO Without Human Bottlenecks",$19.99,1998,"₹1,899",whop,the-ai-content-agent,https://adorisedigital.gumroad.com/l/the-ai-content-agent,plan_ai_03,https://superprofile.bio/adorisedigital,"Content creators and brands exhausted by the daily grind of filming, editing, and posting.","Building end-to-end 9:16 vertical short-form video pipelines using GPU rendering. | Connecting Adorise Social APIs for multi-channel autonomous scheduling. | Generating 1,000+ indexed programmatic SEO solution pages to capture Google search.",You don't need a 5-person content team. You need one Python script connected to high-speed GPUs and headless publishing APIs.,,C:\Users\HOME_PC\Downloads\Mini Books\The AI Agent Series\The_AI_Content_Agent_Bundle.zip,1.84
ai-04,ai,AI Wealth • Practical Systems,Sanjay Shharma,The AI Agent Action Workbook,"Interactive Architecture Schemas, Code Snippets, and Integration Worksheets",$19.99,1998,"₹1,899",whop,the-ai-agent-action-workbook,https://adorisedigital.gumroad.com/l/the-ai-agent-action-workbook,plan_ai_04,https://superprofile.bio/adorisedigital,Theoretical knowledge without concrete implementation templates and architecture schemas.,Fill-in-the-blank system integration worksheets for client onboarding. | Standard operating procedure (SOP) blueprints for webhook data pipelines. | Debugging checklists to ensure 99.9% uptime for autonomous business logic.,Theory makes you sound smart at dinner parties; execution sheets make your bank account ring. Open this workbook and build your first deployed agent today.,,C:\Users\HOME_PC\Downloads\Mini Books\The AI Agent Series\The_AI_Agent_Workbook_Bundle.zip,1.93
ai-05,ai,AI Wealth • Developer Prompts,Sanjay Shharma,The AI Agent Cheat Sheets & System Prompts,"50+ Battle-Tested System Prompts for Customer Service, Lead Scraping & Cold Email",$19.99,1998,"₹1,899",whop,the-ai-agent-cheat-sheets-system-prompts,https://adorisedigital.gumroad.com/l/the-ai-agent-cheat-sheets-system-prompts,plan_ai_05,https://superprofile.bio/adorisedigital,"AI outputs that sound robotic, hallucinate facts, or trigger defensive client reactions.",High-EQ de-escalation system prompts that neutralize hostile customer inquiries. | Outbound prospect qualification rubrics that reject 100% of generic gatekeeper leads. | Zero-hallucination factual guardrail constraints for mission-critical client databases.,The difference between an amateur AI chatbot and an enterprise automation system is three lines of system constraints. Copy these battle-tested prompts directly into your stack.,,C:\Users\HOME_PC\Downloads\Mini Books\The AI Agent Series\The_AI_Agent_Cheat_Sheets_Bundle.zip,1.97
ai-06,ai,AI Receptionist • Flagship Hero,Sanjay Shharma,Never Miss Another Call,"How Front-Desk Voice AI Captures $100,000 in Lost Revenue for High-Ticket Businesses",$19.99,1998,"₹1,899",whop,never-miss-another-call,https://adorisedigital.gumroad.com/l/never-miss-another-call,plan_ai_06,https://superprofile.bio/adorisedigital,"62% of business phone calls go unanswered after hours, dumping high-paying clients to competitors.","The terrifying economics of the unanswered front-desk phone call. | How natural voice AI answers 24/7, qualifies patient/client intent, and books calendar slots. | Case studies of clinics and contractors booking ₹10L+ in additional monthly revenue.","When a water pipe bursts at 9 PM or an emergency toothache strikes on Sunday, the customer calls the first three names on Google. If you don't answer, your competitor gets the check.",/previews/Never_Miss_Another_Call_3_Chapter_Preview.pdf,C:\Users\HOME_PC\Downloads\Mini Books\The AI Receptionist Series\01-Never_Miss_Another_Call_Bundle.zip,2.34
ai-07,ai,AI Receptionist • Technical Blueprint,Sanjay Shharma,The AI Receptionist Blueprint,"Architecture, Twilio SIP Trunking, ElevenLabs Latency, and CRM Integration",$19.99,1998,"₹1,899",whop,the-ai-receptionist-blueprint,https://adorisedigital.gumroad.com/l/the-ai-receptionist-blueprint,plan_ai_07,https://superprofile.bio/adorisedigital,Voice AI systems that suffer from 3-second latency pauses that destroy caller trust.,"Achieving sub-500ms voice latency using WebRTC and streaming speech pipelines. | Handling live interruptions, accents, background noise, and telephony fallback. | Seamless live calendar booking and automated confirmation SMS dispatch.",A voice AI that takes two seconds to respond feels like talking to a robot on Mars. A voice AI that responds in 400 milliseconds feels like speaking to your best employee.,,C:\Users\HOME_PC\Downloads\Mini Books\The AI Receptionist Series\02-The_AI_Receptionist_Blueprint_Bundle.zip,2.07
ai-08,ai,AI Receptionist • Executive Guide,Sanjay Shharma,The AI Receptionist Buyer's Guide,What Founders Must Know Before Buying or Building an Automated Voice Agent,$19.99,1998,"₹1,899",whop,the-ai-receptionist-buyer-s-guide,https://adorisedigital.gumroad.com/l/the-ai-receptionist-buyer-s-guide,plan_ai_08,https://superprofile.bio/adorisedigital,Business owners getting scammed by low-quality agencies selling fragile ChatGPT wrappers.,The 10 critical security and HIPAA/GDPR questions to ask any AI vendor. | Understanding true telephony and token infrastructure costs vs. agency markup. | How to test a voice agent's de-escalation capability before putting it in front of clients.,"Don't sign a $10,000 AI contract until you read this checklist. Know exactly what technology you are paying for and what questions make dishonest vendors squirm.",,C:\Users\HOME_PC\Downloads\Mini Books\The AI Receptionist Series\03-The_AI_Receptionist_Buyers_Guide_Bundle.zip,2.07
ai-09,ai,AI Receptionist • Trade Services,Sanjay Shharma,"AI Front Desk for HVAC, Plumbing & Home Services",Capturing Emergency Dispatch Calls 24/7 While Your Technicians Are on Jobs,$19.99,1998,"₹1,899",whop,ai-front-desk-for-hvac-plumbing-home-services,https://adorisedigital.gumroad.com/l/ai-front-desk-for-hvac-plumbing-home-services,plan_ai_09,https://superprofile.bio/adorisedigital,"Trade contractors losing $5,000 emergency replacement jobs because their crew was working on a roof.",Emergency triage prompts that distinguish a minor leak from a flooded basement. | Automated technician dispatch routing based on geographic proximity. | Booking deposits over the phone before the technician ever leaves the shop.,"Your technicians are paid to fix air conditioners and install water heaters, not answer ringing cell phones while balancing on a ladder. Let AI answer the call and lock in the deposit.",,C:\Users\HOME_PC\Downloads\Mini Books\The AI Receptionist Series\04-AI_for_HVAC_Plumbing_Home_Services_Bundle.zip,2.20
ai-10,ai,AI Receptionist • Professional Practices,Sanjay Shharma,"AI Front Desk for Law Firms, Dentists & Real Estate",Qualifying High-Net-Worth Consultations and Managing Appointments Without Burnout,$19.99,1998,"₹1,899",whop,ai-front-desk-for-law-firms-dentists-real-estate,https://adorisedigital.gumroad.com/l/ai-front-desk-for-law-firms-dentists-real-estate,plan_ai_10,https://superprofile.bio/adorisedigital,Attorneys and dentists flooded with tire-kickers while missing high-value retained clients.,"Pre-qualifying legal case merits and insurance coverage politely and legally. | Eliminating no-shows through smart automated WhatsApp and SMS confirmation sequences. | Integrating with Clio, Dentrix, and real estate CRMs for instant conflict checks.",A lawyer's time is billed in six-minute increments. Spending twenty minutes answering the phone to explain you don't take traffic tickets is financial insanity. Let AI gatekeeper your calendar.,,C:\Users\HOME_PC\Downloads\Mini Books\The AI Receptionist Series\05-AI_for_Law_Firms_Dentists_Real_Estate_Bundle.zip,2.23
